{
  "_fv": 24,
  "_type": "recipe",
  "definition": {
    "recipeType": "Brewing",
    "xpReward": 0.0,
    "cookingTime": 200,
    "recipeRetstackSize": 1,
    "group": "",
    "recipeShapeless": false,
    "brewingInputStack": {
      "value": "POTION:LONG_WATER_BREATHING"
    },
    "brewingIngredientStack": {
      "value": "Items.FERMENTED_SPIDER_EYE"
    },
    "brewingReturnStack": {
      "value": "POTION:CUSTOM:Longwaterboundpotion"
    },
    "name": "longwaterboundpotionrecipe_a",
    "namespace": "mod"
  }
}