{
  "_fv": 24,
  "_type": "recipe",
  "definition": {
    "recipeType": "Brewing",
    "xpReward": 0.0,
    "cookingTime": 200,
    "recipeRetstackSize": 1,
    "group": "",
    "recipeShapeless": false,
    "brewingInputStack": {
      "value": "POTION:LONG_FIRE_RESISTANCE"
    },
    "brewingIngredientStack": {
      "value": "Items.BLAZE_ROD"
    },
    "brewingReturnStack": {
      "value": "POTION:CUSTOM:LongFlamePotion"
    },
    "name": "long_flame_potion_recipe_a",
    "namespace": "mod"
  }
}