{
  "_fv": 24,
  "_type": "potion",
  "definition": {
    "potionName": "Potion of Mysterious Fire Resistance",
    "splashName": "Splash Potion of Mysterious Fire Resistance",
    "lingeringName": "Lingering Potion of Mysterious Fire Resistance",
    "arrowName": "Arrow of Long Mysterious Fire Resistance",
    "effects": [
      {
        "effect": {
          "value": "CUSTOM:WaterAdversity"
        },
        "duration": 9600,
        "amplifier": 0,
        "ambient": false,
        "showParticles": true
      },
      {
        "effect": {
          "value": "FIRE_RESISTANCE"
        },
        "duration": 9600,
        "amplifier": 0,
        "ambient": false,
        "showParticles": true
      }
    ]
  }
}