{
  "_fv": 24,
  "_type": "recipe",
  "definition": {
    "recipeType": "Brewing",
    "xpReward": 0.0,
    "cookingTime": 200,
    "recipeRetstackSize": 1,
    "group": "",
    "recipeShapeless": false,
    "brewingInputStack": {
      "value": "POTION:CUSTOM:PotionOfHunger"
    },
    "brewingIngredientStack": {
      "value": "Items.GLOWSTONE_DUST"
    },
    "brewingReturnStack": {
      "value": "POTION:CUSTOM:StrongPotionOfHunger"
    },
    "name": "strong_potion_of_hunger_recipe",
    "namespace": "mod"
  }
}